"","Column_ID","ID_unique","CO2_C_mg_m2_h","CH4_C_mg_m2_h","Date","t","start_time","end_time","Headspace_height_cm","DO_mg_L","DO_.","Water_temp_C","Note","volume_L","area_m2","ibutton_ID","leaf_treatment","sediment_g","dry_input_leaves_g","dry_output_leaves_g","ceramic_pot_g_leaves","ceramic_pot.dry_leaves_g","ceramic_pot.burned_leaves_g","leaf_OM","incubation_water_mL","groundwater_ml","temp_C"
"1",1,"2022-07-26_dry_1",19.5559919595911,0.00552230128516557,"2022-07-26","dry",2022-07-26 13:50:30,2022-07-26 13:53:00,30,NA,NA,NA,"",2.12646552739859,0.007088218,43,"control",499.3,0,0,NA,NA,NA,NA,500,1000,25
"2",1,"2022-07-26_t0_1",27.0111255880238,0.000451693078480179,"2022-07-26","t0",2022-07-26 17:09:30,2022-07-26 17:11:00,5.8,NA,NA,NA,"",0.411116668630394,0.007088218,43,"control",499.3,0,0,NA,NA,NA,NA,500,1000,25
"3",1,"2022-07-27_t24_1",12.7584249115905,0.00160054334123844,"2022-07-27","t24",2022-07-27 16:08:30,2022-07-27 16:12:00,6.4,NA,NA,25.6,"",0.454216178244966,0.007088218,43,"control",499.3,0,0,NA,NA,NA,NA,500,1000,25
"4",1,"2022-07-28_t48_1",11.7301475460561,0.00343433619009343,"2022-07-28","t48",2022-07-28 15:35:30,2022-07-28 15:38:00,7.4,NA,NA,25.3,"",0.525098362491586,0.007088218,43,"control",499.3,0,0,NA,NA,NA,NA,500,1000,25
"5",1,"2022-07-30_t4_1",11.078362234918,0.00394796737583386,"2022-07-30","t4",2022-07-30 15:57:30,2022-07-30 16:00:00,8.9,5.78,71.6,25.1,"",0.631421638861515,0.007088218,43,"control",499.3,0,0,NA,NA,NA,NA,500,1000,25
"6",1,"2022-08-03_t8_1",17.3207713755794,0.00392509919351065,"2022-08-03","t8",2022-08-03 16:03:30,2022-08-03 16:06:00,10.4,1.79,22.9,27,"",0.737744915231445,0.007088218,43,"control",499.3,0,0,NA,NA,NA,NA,500,1000,25
"7",1,"2022-08-11_t16_1",19.8882538446831,0.0260089433716397,"2022-08-11","t16",2022-08-11 16:19:30,2022-08-11 16:22:00,14.7,7.46,91.1,24.5,"",1.04253830749191,0.007088218,43,"control",499.3,0,0,NA,NA,NA,NA,500,1000,25
"8",2,"2022-07-26_dry_2",45.579913020228,0.0129050595364009,"2022-07-26","dry",2022-07-26 13:46:30,2022-07-26 13:49:00,30,NA,NA,NA,"",2.12646552739859,0.007088218,22,"low",501.3,2.0147,1.7039,25.3191,26.1543,25.5067,77.53831418,500,1000,25
"9",2,"2022-07-26_t0_2",27.6955107586734,0.000698048871742311,"2022-07-26","t0",2022-07-26 17:04:30,2022-07-26 17:07:00,5.4,NA,NA,NA,"",0.382763794931746,0.007088218,22,"low",501.3,2.0147,1.7039,25.3191,26.1543,25.5067,77.53831418,500,1000,25
"10",2,"2022-07-27_t24_2",75.8032577053143,0.00203297933935189,"2022-07-27","t24",2022-07-27 16:03:30,2022-07-27 16:06:00,5.9,NA,NA,26.6,"",0.418775086121656,0.007088218,22,"low",501.3,2.0147,1.7039,25.3191,26.1543,25.5067,77.53831418,500,1000,25
"11",2,"2022-07-28_t48_2",51.3547518840777,0.00351346833629455,"2022-07-28","t48",2022-07-28 15:31:30,2022-07-28 15:34:00,6.4,NA,NA,26.1,"",0.454216178244966,0.007088218,22,"low",501.3,2.0147,1.7039,25.3191,26.1543,25.5067,77.53831418,500,1000,25
"12",2,"2022-07-30_t4_2",49.9807172995175,0.018551748940052,"2022-07-30","t4",2022-07-30 15:52:30,2022-07-30 15:55:00,7.5,0.24,3,26.6,"",0.532186580916248,0.007088218,22,"low",501.3,2.0147,1.7039,25.3191,26.1543,25.5067,77.53831418,500,1000,25
"13",2,"2022-08-03_t8_2",46.3550946027391,0.184526565400632,"2022-08-03","t8",2022-08-03 15:59:30,2022-08-03 16:02:00,10,0.18,2.4,27.3,"",0.709392041532797,0.007088218,22,"low",501.3,2.0147,1.7039,25.3191,26.1543,25.5067,77.53831418,500,1000,25
"14",2,"2022-08-11_t16_2",43.6641777550706,1.61816061388109,"2022-08-11","t16",2022-08-11 16:15:30,2022-08-11 16:18:00,13.4,0.24,2.9,25.7,"",0.950391467971304,0.007088218,22,"low",501.3,2.0147,1.7039,25.3191,26.1543,25.5067,77.53831418,500,1000,25
"15",3,"2022-07-26_dry_3",43.7639267722699,0.0156753979451729,"2022-07-26","dry",2022-07-26 13:42:30,2022-07-26 13:45:00,30,NA,NA,NA,"",2.12646552739859,0.007088218,21,"medium",500.4,4.9982,3.8299,24.5372,26.1877,24.8232,82.6719176,500,1000,25
"16",3,"2022-07-26_t0_3",33.955834106305,0.00101290216903659,"2022-07-26","t0",2022-07-26 17:00:30,2022-07-26 17:03:00,5.4,NA,NA,NA,"",0.382763794931746,0.007088218,21,"medium",500.4,4.9982,3.8299,24.5372,26.1877,24.8232,82.6719176,500,1000,25
"17",3,"2022-07-27_t24_3",122.373079561488,0.00790004782475363,"2022-07-27","t24",2022-07-27 15:59:30,2022-07-27 16:02:00,6,NA,NA,24.9,"",0.425863304546318,0.007088218,21,"medium",500.4,4.9982,3.8299,24.5372,26.1877,24.8232,82.6719176,500,1000,25
"18",3,"2022-07-28_t48_3",103.753195167554,0.00447490098909274,"2022-07-28","t48",2022-07-28 15:27:30,2022-07-28 15:30:00,6.1,NA,NA,24.8,"",0.43295152297098,0.007088218,21,"medium",500.4,4.9982,3.8299,24.5372,26.1877,24.8232,82.6719176,500,1000,25
"19",3,"2022-07-30_t4_3",118.294648924261,0.031655762449385,"2022-07-30","t4",2022-07-30 15:48:30,2022-07-30 15:51:00,6.8,0.27,3.2,25.2,"",0.482569051943614,0.007088218,21,"medium",500.4,4.9982,3.8299,24.5372,26.1877,24.8232,82.6719176,500,1000,25
"20",3,"2022-08-03_t8_3",105.305020599454,0.236862165839391,"2022-08-03","t8",2022-08-03 15:55:30,2022-08-03 15:58:00,8.7,0.11,1.3,25.6,"",0.617245202012191,0.007088218,21,"medium",500.4,4.9982,3.8299,24.5372,26.1877,24.8232,82.6719176,500,1000,25
"21",3,"2022-08-11_t16_3",79.5744512704876,1.69113353178805,"2022-08-11","t16",2022-08-11 16:10:30,2022-08-11 16:14:00,11,0.12,1.4,25,"black temperature regulator out of the water",0.780274225779417,0.007088218,21,"medium",500.4,4.9982,3.8299,24.5372,26.1877,24.8232,82.6719176,500,1000,25
"22",4,"2022-07-26_dry_4",37.5948229397503,0.0224902596972148,"2022-07-26","dry",2022-07-26 13:38:30,2022-07-26 13:41:00,30,NA,NA,NA,"",2.12646552739859,0.007088218,33,"high",501.5,10,8.0601,32.0115,34.0226,32.3455,83.39217344,500,1000,25
"23",4,"2022-07-26_t0_4",37.0538046365445,-0.000269051645465922,"2022-07-26","t0",2022-07-26 16:56:30,2022-07-26 16:59:00,5.3,NA,NA,NA,"",0.375675576507084,0.007088218,33,"high",501.5,10,8.0601,32.0115,34.0226,32.3455,83.39217344,500,1000,25
"24",4,"2022-07-27_t24_4",249.503585895899,0.07026472180546,"2022-07-27","t24",2022-07-27 15:51:30,2022-07-27 15:55:00,5.6,NA,NA,27.2,"",0.39751043084767,0.007088218,33,"high",501.5,10,8.0601,32.0115,34.0226,32.3455,83.39217344,500,1000,25
"25",4,"2022-07-28_t48_4",124.951261859856,0.00845843349458038,"2022-07-28","t48",2022-07-28 15:23:30,2022-07-28 15:26:00,6.2,NA,NA,26,"",0.440039741395642,0.007088218,33,"high",501.5,10,8.0601,32.0115,34.0226,32.3455,83.39217344,500,1000,25
"26",4,"2022-07-30_t4_4",171.266448235992,0.0456229804069317,"2022-07-30","t4",2022-07-30 15:45:30,2022-07-30 15:47:00,7.1,0.17,2.1,26.4,"",0.5038337072176,0.007088218,33,"high",501.5,10,8.0601,32.0115,34.0226,32.3455,83.39217344,500,1000,25
"27",4,"2022-08-03_t8_4",155.412454886282,0.273975790998315,"2022-08-03","t8",2022-08-03 15:47:30,2022-08-03 15:50:00,8.6,0.11,1.4,26.1,"",0.610156983587529,0.007088218,33,"high",501.5,10,8.0601,32.0115,34.0226,32.3455,83.39217344,500,1000,25
"28",4,"2022-08-11_t16_4",135.520895862894,4.39834720028336,"2022-08-11","t16",2022-08-11 16:06:30,2022-08-11 16:09:00,10.5,0.08,0.9,24.7,"",0.744833133656107,0.007088218,33,"high",501.5,10,8.0601,32.0115,34.0226,32.3455,83.39217344,500,1000,25
"29",5,"2022-07-26_dry_5",41.9331375153133,0.0305962386622281,"2022-07-26","dry",2022-07-26 13:33:30,2022-07-26 13:36:00,30,NA,NA,NA,"",2.12646552739859,0.007088218,61,"control",500.1,0,0,NA,NA,NA,NA,500,1000,25
"30",5,"2022-07-26_t0_5",20.066226893369,0.000806957188968167,"2022-07-26","t0",2022-07-26 16:51:30,2022-07-26 16:54:00,6.2,NA,NA,NA,"",0.439469542329042,0.007088218,61,"control",500.1,0,0,NA,NA,NA,NA,500,1000,25
"31",5,"2022-07-27_t24_5",15.2167012588631,0.00462642385648194,"2022-07-27","t24",2022-07-27 15:47:30,2022-07-27 15:50:00,6.2,NA,NA,25.5,"",0.440039741395642,0.007088218,61,"control",500.1,0,0,NA,NA,NA,NA,500,1000,25
"32",5,"2022-07-28_t48_5",13.9147497155751,0.00781072837261037,"2022-07-28","t48",2022-07-28 15:19:30,2022-07-28 15:22:00,7.1,NA,NA,25.5,"",0.5038337072176,0.007088218,61,"control",500.1,0,0,NA,NA,NA,NA,500,1000,25
"33",5,"2022-07-30_t4_5",14.7701899566673,0.0100518249563555,"2022-07-30","t4",2022-07-30 15:40:30,2022-07-30 15:43:00,8.1,4.82,60.2,26.1,"",0.57471589146422,0.007088218,61,"control",500.1,0,0,NA,NA,NA,NA,500,1000,25
"34",5,"2022-08-03_t8_5",13.0431594607602,0.00513622696935394,"2022-08-03","t8",2022-08-03 15:51:30,2022-08-03 15:54:00,10.4,5.42,68.1,26.1,"Redo, CH4 jump",0.737744915231445,0.007088218,61,"control",500.1,0,0,NA,NA,NA,NA,500,1000,25
"35",5,"2022-08-11_t16_5",8.28162615604015,0.00976659492554858,"2022-08-11","t16",2022-08-11 16:02:30,2022-08-11 16:05:00,13.5,8.4,103.7,25.1,"",0.957479686395966,0.007088218,61,"control",500.1,0,0,NA,NA,NA,NA,500,1000,25
"36",6,"2022-07-26_dry_6",42.9079795503325,0.012638170912357,"2022-07-26","dry",2022-07-26 13:29:30,2022-07-26 13:32:00,30,NA,NA,NA,"",2.12646552739859,0.007088218,1,"low",501.2,2.0097,1.5659,28.5773,29.1879,28.7503,71.66721258,500,1000,25
"37",6,"2022-07-26_t0_6",26.4181721285158,0.000775407990684096,"2022-07-26","t0",2022-07-26 16:44:30,2022-07-26 16:47:00,6,NA,NA,NA,"",0.425293105479718,0.007088218,1,"low",501.2,2.0097,1.5659,28.5773,29.1879,28.7503,71.66721258,500,1000,25
"38",6,"2022-07-27_t24_6",79.6225472973289,0.00444458274250265,"2022-07-27","t24",2022-07-27 15:43:30,2022-07-27 15:46:00,6.1,NA,NA,25.4,"",0.43295152297098,0.007088218,1,"low",501.2,2.0097,1.5659,28.5773,29.1879,28.7503,71.66721258,500,1000,25
"39",6,"2022-07-28_t48_6",60.1419050363403,0.00615387493484352,"2022-07-28","t48",2022-07-28 15:14:30,2022-07-28 15:18:00,7,NA,NA,25.5,"",0.496745488792938,0.007088218,1,"low",501.2,2.0097,1.5659,28.5773,29.1879,28.7503,71.66721258,500,1000,25
"40",6,"2022-07-30_t4_6",65.0937040387592,0.0237344082514242,"2022-07-30","t4",2022-07-30 15:36:30,2022-07-30 15:39:00,8,0.48,6,26.3,"",0.567627673039558,0.007088218,1,"low",501.2,2.0097,1.5659,28.5773,29.1879,28.7503,71.66721258,500,1000,25
"41",6,"2022-08-03_t8_6",49.2438062827364,0.0653780830741217,"2022-08-03","t8",2022-08-03 15:40:30,2022-08-03 15:43:00,10.1,1.28,16.7,28.4,"",0.716480259957459,0.007088218,1,"low",501.2,2.0097,1.5659,28.5773,29.1879,28.7503,71.66721258,500,1000,25
"42",6,"2022-08-11_t16_6",48.7680765613983,0.849529408121526,"2022-08-11","t16",2022-08-11 15:58:30,2022-08-11 16:01:00,14,0.25,3.2,25.9,"",0.992920778519276,0.007088218,1,"low",501.2,2.0097,1.5659,28.5773,29.1879,28.7503,71.66721258,500,1000,25
"43",7,"2022-07-26_dry_7",39.7655618410981,0.0260843843209298,"2022-07-26","dry",2022-07-26 13:25:30,2022-07-26 13:28:00,30,NA,NA,NA,"",2.12646552739859,0.007088218,15,"medium",500.4,5.0122,3.846,33.3235,33.6868,33.3821,83.87007982,500,1000,25
"44",7,"2022-07-26_t0_7",50.3264607453325,0.00111707771604236,"2022-07-26","t0",2022-07-26 16:40:30,2022-07-26 16:43:00,6.5,NA,NA,NA,"",0.460734197603028,0.007088218,15,"medium",500.4,5.0122,3.846,33.3235,33.6868,33.3821,83.87007982,500,1000,25
"45",7,"2022-07-27_t24_7",125.990453976619,0.0131108108911779,"2022-07-27","t24",2022-07-27 15:39:30,2022-07-27 15:42:00,6.8,NA,NA,26.2,"",0.482569051943614,0.007088218,15,"medium",500.4,5.0122,3.846,33.3235,33.6868,33.3821,83.87007982,500,1000,25
"46",7,"2022-07-28_t48_7",85.4139569511945,0.0136669649836134,"2022-07-28","t48",2022-07-28 15:11:30,2022-07-28 15:14:00,6.4,NA,NA,25.7,"",0.454216178244966,0.007088218,15,"medium",500.4,5.0122,3.846,33.3235,33.6868,33.3821,83.87007982,500,1000,25
"47",7,"2022-07-30_t4_7",95.0916010247942,0.0570238046014449,"2022-07-30","t4",2022-07-30 15:32:30,2022-07-30 15:35:00,7.9,0.19,2.4,26.3,"",0.560539454614896,0.007088218,15,"medium",500.4,5.0122,3.846,33.3235,33.6868,33.3821,83.87007982,500,1000,25
"48",7,"2022-08-03_t8_7",84.5108177427922,0.321433716655225,"2022-08-03","t8",2022-08-03 15:36:30,2022-08-03 15:39:00,9.7,0.08,1,26.2,"",0.688127386258811,0.007088218,15,"medium",500.4,5.0122,3.846,33.3235,33.6868,33.3821,83.87007982,500,1000,25
"49",7,"2022-08-11_t16_7",88.3649530064658,2.57294476412591,"2022-08-11","t16",2022-08-11 15:53:30,2022-08-11 15:56:00,12.5,0.06,0.7,25.5,"",0.886597502149346,0.007088218,15,"medium",500.4,5.0122,3.846,33.3235,33.6868,33.3821,83.87007982,500,1000,25
"50",8,"2022-07-26_dry_8",58.3201601885099,0.0237660199440308,"2022-07-26","dry",2022-07-26 13:21:30,2022-07-26 13:24:00,30,NA,NA,NA,"",2.12646552739859,0.007088218,8,"high",500.8,9.9,7.5771,23.1924,25.1105,23.4731,85.3657265,500,1000,25
"51",8,"2022-07-26_t0_8",21.512831238434,0.000477412832716426,"2022-07-26","t0",2022-07-26 16:35:30,2022-07-26 16:38:00,5.4,NA,NA,NA,"",0.382763794931746,0.007088218,8,"high",500.8,9.9,7.5771,23.1924,25.1105,23.4731,85.3657265,500,1000,25
"52",8,"2022-07-27_t24_8",106.854471703377,0.00243784489937099,"2022-07-27","t24",2022-07-27 15:35:30,2022-07-27 15:38:00,5.9,NA,NA,25.2,"",0.418775086121656,0.007088218,8,"high",500.8,9.9,7.5771,23.1924,25.1105,23.4731,85.3657265,500,1000,25
"53",8,"2022-07-28_t48_8",93.7024263120633,0.00355142921065839,"2022-07-28","t48",2022-07-28 15:07:30,2022-07-28 15:10:00,6.4,NA,NA,25,"",0.454216178244966,0.007088218,8,"high",500.8,9.9,7.5771,23.1924,25.1105,23.4731,85.3657265,500,1000,25
"54",8,"2022-07-30_t4_8",147.380209393548,0.0245057760635035,"2022-07-30","t4",2022-07-30 15:28:30,2022-07-30 15:30:00,7.3,0.1,1.2,25.8,"",0.518010144066924,0.007088218,8,"high",500.8,9.9,7.5771,23.1924,25.1105,23.4731,85.3657265,500,1000,25
"55",8,"2022-08-03_t8_8",187.077886825685,0.529389690674113,"2022-08-03","t8",2022-08-03 15:32:30,2022-08-03 15:35:00,8.7,0.06,0.6,25.2,"",0.617245202012191,0.007088218,8,"high",500.8,9.9,7.5771,23.1924,25.1105,23.4731,85.3657265,500,1000,25
"56",8,"2022-08-11_t16_8",145.896557562422,6.65091066358752,"2022-08-11","t16",2022-08-11 15:49:30,2022-08-11 15:52:00,11.3,0.04,0.4,25.4,"",0.801538881053403,0.007088218,8,"high",500.8,9.9,7.5771,23.1924,25.1105,23.4731,85.3657265,500,1000,25
"57",9,"2022-07-26_dry_9",41.0751506961161,0.0163261447168128,"2022-07-26","dry",2022-07-26 13:17:30,2022-07-26 13:20:00,30,NA,NA,NA,"",2.12646552739859,0.007088218,30,"control",500.4,0,0,NA,NA,NA,NA,500,1000,25
"58",9,"2022-07-26_t0_9",19.232767311123,-0.000120208201822901,"2022-07-26","t0",2022-07-26 16:31:30,2022-07-26 16:34:00,5,NA,NA,NA,"",0.354410921233099,0.007088218,30,"control",500.4,0,0,NA,NA,NA,NA,500,1000,25
"59",9,"2022-07-27_t24_9",11.1558751965373,0.00159488837007438,"2022-07-27","t24",2022-07-27 15:30:30,2022-07-27 15:33:00,5.7,NA,NA,25.5,"",0.404598649272332,0.007088218,30,"control",500.4,0,0,NA,NA,NA,NA,500,1000,25
"60",9,"2022-07-28_t48_9",11.1671498789138,0.00182452399070739,"2022-07-28","t48",2022-07-28 15:03:30,2022-07-28 15:06:00,6.3,NA,NA,25.9,"",0.447127959820304,0.007088218,30,"control",500.4,0,0,NA,NA,NA,NA,500,1000,25
"61",9,"2022-07-30_t4_9",12.9347894678256,0.00452053510294903,"2022-07-30","t4",2022-07-30 15:23:30,2022-07-30 15:27:00,7.4,4.83,61.6,26.6,"redo: rubber band snapped",0.525098362491586,0.007088218,30,"control",500.4,0,0,NA,NA,NA,NA,500,1000,25
"62",9,"2022-08-03_t8_9",12.1271551346004,0.0029933937428336,"2022-08-03","t8",2022-08-03 15:27:30,2022-08-03 15:30:00,9.9,5.8,73,26.1,"",0.702303823108135,0.007088218,30,"control",500.4,0,0,NA,NA,NA,NA,500,1000,25
"63",9,"2022-08-11_t16_9",3.78660945483797,0.00749196195083975,"2022-08-11","t16",2022-08-11 15:42:30,2022-08-11 15:48:00,13.7,0.63,7.8,25.5,"",0.97165612324529,0.007088218,30,"control",500.4,0,0,NA,NA,NA,NA,500,1000,25
"64",10,"2022-07-26_dry_10",47.1452754553917,0.0427588341091895,"2022-07-26","dry",2022-07-26 13:13:30,2022-07-26 13:16:00,30,NA,NA,NA,"",2.12646552739859,0.007088218,10,"low",499.7,2.0012,1.7572,22.3402,23.5656,22.6115,77.86029052,500,1000,25
"65",10,"2022-07-26_t0_10",23.6762430111319,-0.000768504147052287,"2022-07-26","t0",2022-07-26 16:26:30,2022-07-26 16:29:00,6.6,NA,NA,NA,"",0.46782241602769,0.007088218,10,"low",499.7,2.0012,1.7572,22.3402,23.5656,22.6115,77.86029052,500,1000,25
"66",10,"2022-07-27_t24_10",45.5421482554343,0.0102145556876988,"2022-07-27","t24",2022-07-27 15:25:30,2022-07-27 15:28:00,6.7,NA,NA,25.4,"",0.475480833518952,0.007088218,10,"low",499.7,2.0012,1.7572,22.3402,23.5656,22.6115,77.86029052,500,1000,25
"67",10,"2022-07-28_t48_10",45.921938817102,0.0123346734134146,"2022-07-28","t48",2022-07-28 14:59:30,2022-07-28 15:02:00,7.1,NA,NA,25.5,"",0.5038337072176,0.007088218,10,"low",499.7,2.0012,1.7572,22.3402,23.5656,22.6115,77.86029052,500,1000,25
"68",10,"2022-07-30_t4_10",48.983073125217,0.0209120005763474,"2022-07-30","t4",2022-07-30 15:14:30,2022-07-30 15:18:00,8,0.1,1.3,25.9,"",0.567627673039558,0.007088218,10,"low",499.7,2.0012,1.7572,22.3402,23.5656,22.6115,77.86029052,500,1000,25
"69",10,"2022-08-03_t8_10",52.8328902364501,0.0791930752487245,"2022-08-03","t8",2022-08-03 15:23:30,2022-08-03 15:26:00,9.9,0.32,4.2,26.1,"",0.702303823108135,0.007088218,10,"low",499.7,2.0012,1.7572,22.3402,23.5656,22.6115,77.86029052,500,1000,25
"70",10,"2022-08-11_t16_10",40.6651711400986,0.378689216460676,"2022-08-11","t16",2022-08-11 15:36:30,2022-08-11 15:41:00,14,0.06,0.7,25.2,"",0.992920778519276,0.007088218,10,"low",499.7,2.0012,1.7572,22.3402,23.5656,22.6115,77.86029052,500,1000,25
"71",11,"2022-07-26_dry_11",53.7477663286581,0.0332690678786608,"2022-07-26","dry",2022-07-26 13:09:30,2022-07-26 13:12:00,30,NA,NA,NA,"",2.12646552739859,0.007088218,48,"medium",501.2,5.0058,4.4344,24.245,25.783,24.5135,82.54226268,500,1000,25
"72",11,"2022-07-26_t0_11",75.6008409399385,0.000984309030304906,"2022-07-26","t0",2022-07-26 16:21:30,2022-07-26 16:24:00,5.3,NA,NA,NA,"",0.375675576507084,0.007088218,48,"medium",501.2,5.0058,4.4344,24.245,25.783,24.5135,82.54226268,500,1000,25
"73",11,"2022-07-27_t24_11",187.969132832582,0.00704022638570215,"2022-07-27","t24",2022-07-27 15:20:30,2022-07-27 15:23:00,5.7,NA,NA,24.5,"",0.404598649272332,0.007088218,48,"medium",501.2,5.0058,4.4344,24.245,25.783,24.5135,82.54226268,500,1000,25
"74",11,"2022-07-28_t48_11",104.62359137097,0.00620988228133114,"2022-07-28","t48",2022-07-28 14:55:30,2022-07-28 14:58:00,6.2,NA,NA,25,"",0.440039741395642,0.007088218,48,"medium",501.2,5.0058,4.4344,24.245,25.783,24.5135,82.54226268,500,1000,25
"75",11,"2022-07-30_t4_11",89.8748148394498,0.0400332970426728,"2022-07-30","t4",2022-07-30 15:10:30,2022-07-30 15:13:00,7.2,0.06,0.8,26.4,"",0.510921925642262,0.007088218,48,"medium",501.2,5.0058,4.4344,24.245,25.783,24.5135,82.54226268,500,1000,25
"76",11,"2022-08-03_t8_11",88.8240959268414,0.245281251233853,"2022-08-03","t8",2022-08-03 15:19:30,2022-08-03 15:22:00,9.4,0.15,1.9,25.4,"",0.666862730984825,0.007088218,48,"medium",501.2,5.0058,4.4344,24.245,25.783,24.5135,82.54226268,500,1000,25
"77",11,"2022-08-11_t16_11",103.317381101509,2.80429360223075,"2022-08-11","t16",2022-08-11 15:32:30,2022-08-11 15:35:00,12.5,0.04,0.5,25.1,"",0.886597502149346,0.007088218,48,"medium",501.2,5.0058,4.4344,24.245,25.783,24.5135,82.54226268,500,1000,25
"78",12,"2022-07-26_dry_12",29.2563706384772,0.0185698009237712,"2022-07-26","dry",2022-07-26 13:04:30,2022-07-26 13:08:00,30,NA,NA,NA,"Switched to long tube here and going forward",2.12646552739859,0.007088218,2,"high",501.4,10,8.3792,24.0053,25.4629,24.2654,82.15559824,500,1000,25
"79",12,"2022-07-26_t0_12",29.2927389556657,-0.00100265840546042,"2022-07-26","t0",2022-07-26 16:16:30,2022-07-26 16:19:00,5.2,NA,NA,NA,"",0.368587358082422,0.007088218,2,"high",501.4,10,8.3792,24.0053,25.4629,24.2654,82.15559824,500,1000,25
"80",12,"2022-07-27_t24_12",116.329983366488,0.00250201887721878,"2022-07-27","t24",2022-07-27 15:16:30,2022-07-27 15:19:00,5.6,NA,NA,24.4,"",0.39751043084767,0.007088218,2,"high",501.4,10,8.3792,24.0053,25.4629,24.2654,82.15559824,500,1000,25
"81",12,"2022-07-28_t48_12",71.050955306084,0.00354529381487568,"2022-07-28","t48",2022-07-28 14:51:30,2022-07-28 14:54:00,6.4,NA,NA,24.4,"",0.454216178244966,0.007088218,2,"high",501.4,10,8.3792,24.0053,25.4629,24.2654,82.15559824,500,1000,25
"82",12,"2022-07-30_t4_12",178.546574106928,0.0251033471840121,"2022-07-30","t4",2022-07-30 15:05:30,2022-07-30 15:09:00,7.2,0.09,1.2,24.5,"",0.510921925642262,0.007088218,2,"high",501.4,10,8.3792,24.0053,25.4629,24.2654,82.15559824,500,1000,25
"83",12,"2022-08-03_t8_12",144.344687359683,0.290344072487899,"2022-08-03","t8",2022-08-03 15:15:30,2022-08-03 15:18:00,9,0.11,1.3,25.4,"",0.638509857286177,0.007088218,2,"high",501.4,10,8.3792,24.0053,25.4629,24.2654,82.15559824,500,1000,25
"84",12,"2022-08-11_t16_12",140.184895765374,3.79676870403277,"2022-08-11","t16",2022-08-11 15:28:30,2022-08-11 15:31:00,12,0.05,0.5,24.4,"",0.851156410026036,0.007088218,2,"high",501.4,10,8.3792,24.0053,25.4629,24.2654,82.15559824,500,1000,25
"85",13,"2022-07-26_dry_13",52.0872725651279,0.0269913698246982,"2022-07-26","dry",2022-07-26 12:58:30,2022-07-26 13:01:00,30,NA,NA,NA,"Short tube here and previous",2.12646552739859,0.007088218,89,"control",500,0,0,NA,NA,NA,NA,500,1000,20
"86",13,"2022-07-26_t0_13",18.1204206973844,0.00161488289705942,"2022-07-26","t0",2022-07-26 16:12:30,2022-07-26 16:15:00,7,NA,NA,NA,"",0.496175289726338,0.007088218,89,"control",500,0,0,NA,NA,NA,NA,500,1000,20
"87",13,"2022-07-27_t24_13",15.2706341066307,0.00200750881788696,"2022-07-27","t24",2022-07-27 15:12:30,2022-07-27 15:15:00,6.9,NA,NA,22.7,"",0.489657270368276,0.007088218,89,"control",500,0,0,NA,NA,NA,NA,500,1000,20
"88",13,"2022-07-28_t48_13",14.2627548451338,0.00166274701901773,"2022-07-28","t48",2022-07-28 14:47:30,2022-07-28 14:50:00,7,NA,NA,22.6,"",0.496745488792938,0.007088218,89,"control",500,0,0,NA,NA,NA,NA,500,1000,20
"89",13,"2022-07-30_t4_13",18.9505794302698,0.00343252368856254,"2022-07-30","t4",2022-07-30 15:02:30,2022-07-30 15:04:00,7,1.06,12.5,23,"",0.496745488792938,0.007088218,89,"control",500,0,0,NA,NA,NA,NA,500,1000,20
"90",13,"2022-08-03_t8_13",18.7607788055713,0.00611746097651949,"2022-08-03","t8",2022-08-03 15:11:30,2022-08-03 15:14:00,8.5,1.06,12.7,23.1,"",0.603068765162868,0.007088218,89,"control",500,0,0,NA,NA,NA,NA,500,1000,20
"91",13,"2022-08-11_t16_13",19.1765898252707,0.0441824033742188,"2022-08-11","t16",2022-08-11 15:24:30,2022-08-11 15:27:00,10.4,0.22,2.5,23.1,"",0.737744915231445,0.007088218,89,"control",500,0,0,NA,NA,NA,NA,500,1000,20
"92",14,"2022-07-26_dry_14",39.4415298860655,0.00760528334615569,"2022-07-26","dry",2022-07-26 12:53:30,2022-07-26 12:56:00,30,NA,NA,NA,"",2.12646552739859,0.007088218,36,"low",499.9,1.9993,1.9275,22.1631,23.1784,22.4812,68.66935881,500,1000,20
"93",14,"2022-07-26_t0_14",16.7589427966317,0.00155506782459175,"2022-07-26","t0",2022-07-26 16:07:30,2022-07-26 16:10:00,5.4,NA,NA,NA,"",0.382763794931746,0.007088218,36,"low",499.9,1.9993,1.9275,22.1631,23.1784,22.4812,68.66935881,500,1000,20
"94",14,"2022-07-27_t24_14",51.8163871790407,0.000750678407207499,"2022-07-27","t24",2022-07-27 15:08:30,2022-07-27 15:10:00,5.9,NA,NA,23.4,"",0.418775086121656,0.007088218,36,"low",499.9,1.9993,1.9275,22.1631,23.1784,22.4812,68.66935881,500,1000,20
"95",14,"2022-07-28_t48_14",43.7008851663168,0.00128789092913764,"2022-07-28","t48",2022-07-28 14:42:30,2022-07-28 14:46:00,5.9,NA,NA,23.3,"",0.418775086121656,0.007088218,36,"low",499.9,1.9993,1.9275,22.1631,23.1784,22.4812,68.66935881,500,1000,20
"96",14,"2022-07-30_t4_14",50.2279889418484,0.00980479583602902,"2022-07-30","t4",2022-07-30 14:57:30,2022-07-30 15:00:00,6.6,0.2,2.3,23.3,"",0.46839261509429,0.007088218,36,"low",499.9,1.9993,1.9275,22.1631,23.1784,22.4812,68.66935881,500,1000,20
"97",14,"2022-08-03_t8_14",37.6141195271107,0.0391008616047455,"2022-08-03","t8",2022-08-03 15:07:30,2022-08-03 15:10:00,7.6,0.05,0.6,23.5,"",0.53927479934091,0.007088218,36,"low",499.9,1.9993,1.9275,22.1631,23.1784,22.4812,68.66935881,500,1000,20
"98",14,"2022-08-11_t16_14",32.8924929919121,0.104909164685511,"2022-08-11","t16",2022-08-11 15:20:30,2022-08-11 15:23:00,9.4,1.66,19.9,23.7,"",0.666862730984825,0.007088218,36,"low",499.9,1.9993,1.9275,22.1631,23.1784,22.4812,68.66935881,500,1000,20
"99",15,"2022-07-26_dry_15",27.351468248814,0.00895759172475025,"2022-07-26","dry",2022-07-26 12:46:30,2022-07-26 12:51:00,30,NA,NA,NA,"",2.12646552739859,0.007088218,27,"medium",500,5.0135,4.0314,25.2381,26.9391,25.5975,78.8712522,500,1000,20
"100",15,"2022-07-26_t0_15",25.8163328502987,0.000590520575638393,"2022-07-26","t0",2022-07-26 15:59:30,2022-07-26 16:02:00,5.7,NA,NA,NA,"",0.404028450205732,0.007088218,27,"medium",500,5.0135,4.0314,25.2381,26.9391,25.5975,78.8712522,500,1000,20
"101",15,"2022-07-27_t24_15",42.6102454689862,0.000510385823836904,"2022-07-27","t24",2022-07-27 15:03:30,2022-07-27 15:06:00,5.9,NA,NA,23.7,"",0.418775086121656,0.007088218,27,"medium",500,5.0135,4.0314,25.2381,26.9391,25.5975,78.8712522,500,1000,20
"102",15,"2022-07-28_t48_15",50.547011157794,0.00287072157230031,"2022-07-28","t48",2022-07-28 14:39:30,2022-07-28 14:42:00,6,NA,NA,23.6,"",0.425863304546318,0.007088218,27,"medium",500,5.0135,4.0314,25.2381,26.9391,25.5975,78.8712522,500,1000,20
"103",15,"2022-07-30_t4_15",94.257059242281,0.0129826175946155,"2022-07-30","t4",2022-07-30 14:53:30,2022-07-30 14:56:00,6.6,0.09,1.1,23.6,"",0.46839261509429,0.007088218,27,"medium",500,5.0135,4.0314,25.2381,26.9391,25.5975,78.8712522,500,1000,20
"104",15,"2022-08-03_t8_15",87.8891868707176,0.203310681750505,"2022-08-03","t8",2022-08-03 15:03:30,2022-08-03 15:06:00,7.8,0.09,1,23.7,"",0.553451236190234,0.007088218,27,"medium",500,5.0135,4.0314,25.2381,26.9391,25.5975,78.8712522,500,1000,20
"105",15,"2022-08-11_t16_15",61.0409400385646,1.7928118336792,"2022-08-11","t16",2022-08-11 15:16:30,2022-08-11 15:19:00,9.9,0.04,0.5,24,"",0.702303823108135,0.007088218,27,"medium",500,5.0135,4.0314,25.2381,26.9391,25.5975,78.8712522,500,1000,20
"106",16,"2022-07-26_dry_16",39.073532327281,0.0342291678340238,"2022-07-26","dry",2022-07-26 12:41:30,2022-07-26 12:45:00,30,NA,NA,NA,"",2.12646552739859,0.007088218,23,"high",500.2,10,7.4033,32.9582,33.3468,33.0116,86.25836336,500,1000,20
"107",16,"2022-07-26_t0_16",13.8791911069179,-8.60914602278837e-05,"2022-07-26","t0",2022-07-26 15:55:30,2022-07-26 15:58:00,5.3,NA,NA,NA,"",0.375675576507084,0.007088218,23,"high",500.2,10,7.4033,32.9582,33.3468,33.0116,86.25836336,500,1000,20
"108",16,"2022-07-27_t24_16",60.5218536467342,0.0080593325111201,"2022-07-27","t24",2022-07-27 14:59:30,2022-07-27 15:02:00,5.7,NA,NA,23.7,"",0.404598649272332,0.007088218,23,"high",500.2,10,7.4033,32.9582,33.3468,33.0116,86.25836336,500,1000,20
"109",16,"2022-07-28_t48_16",55.1160278346541,0.00586023416372991,"2022-07-28","t48",2022-07-28 14:35:30,2022-07-28 14:38:00,5.6,NA,NA,23.7,"",0.39751043084767,0.007088218,23,"high",500.2,10,7.4033,32.9582,33.3468,33.0116,86.25836336,500,1000,20
"110",16,"2022-07-30_t4_16",196.474858729545,0.0449882703218447,"2022-07-30","t4",2022-07-30 14:50:30,2022-07-30 14:52:00,6.5,0.07,0.8,23.8,"",0.461304396669628,0.007088218,23,"high",500.2,10,7.4033,32.9582,33.3468,33.0116,86.25836336,500,1000,20
"111",16,"2022-08-03_t8_16",173.112022072163,0.306295760281454,"2022-08-03","t8",2022-08-03 14:59:30,2022-08-03 15:02:00,7.8,0.06,0.8,24.1,"",0.553451236190234,0.007088218,23,"high",500.2,10,7.4033,32.9582,33.3468,33.0116,86.25836336,500,1000,20
"112",16,"2022-08-11_t16_16",138.528659687148,6.15613823771225,"2022-08-11","t16",2022-08-11 15:12:30,2022-08-11 15:15:00,9.8,0.1,1.2,24.1,"",0.695215604683473,0.007088218,23,"high",500.2,10,7.4033,32.9582,33.3468,33.0116,86.25836336,500,1000,20
"113",17,"2022-07-26_dry_17",20.8497272781075,0.0327112552828646,"2022-07-26","dry",2022-07-26 12:37:30,2022-07-26 12:40:00,30,NA,NA,NA,"",2.12646552739859,0.007088218,58,"control",500.9,0,0,NA,NA,NA,NA,500,1000,20
"114",17,"2022-07-26_t0_17",20.3347637006799,0.000270423176115638,"2022-07-26","t0",2022-07-26 15:49:30,2022-07-26 15:52:00,5.3,NA,NA,NA,"",0.375675576507084,0.007088218,58,"control",500.9,0,0,NA,NA,NA,NA,500,1000,20
"115",17,"2022-07-27_t24_17",14.9004059424232,0.00300159149254117,"2022-07-27","t24",2022-07-27 14:55:30,2022-07-27 14:58:00,5.7,NA,NA,23.6,"",0.404598649272332,0.007088218,58,"control",500.9,0,0,NA,NA,NA,NA,500,1000,20
"116",17,"2022-07-28_t48_17",11.8869025754656,0.00503589831948294,"2022-07-28","t48",2022-07-28 14:30:30,2022-07-28 14:33:00,5.9,NA,NA,23.7,"",0.418775086121656,0.007088218,58,"control",500.9,0,0,NA,NA,NA,NA,500,1000,20
"117",17,"2022-07-30_t4_17",14.3595898760333,0.00670415761010587,"2022-07-30","t4",2022-07-30 14:46:30,2022-07-30 14:49:00,6.5,4.64,55.7,23.9,"",0.461304396669628,0.007088218,58,"control",500.9,0,0,NA,NA,NA,NA,500,1000,20
"118",17,"2022-08-03_t8_17",10.9878793642233,0.00544817672309582,"2022-08-03","t8",2022-08-03 14:54:30,2022-08-03 14:57:00,7.9,5.69,69.2,24.2,"Redo because CH4 flatline",0.560539454614896,0.007088218,58,"control",500.9,0,0,NA,NA,NA,NA,500,1000,20
"119",17,"2022-08-11_t16_17",3.4875467506461,0.00486712748630474,"2022-08-11","t16",2022-08-11 15:06:30,2022-08-11 15:10:00,10.3,9.44,114.5,24.1,"",0.730656696806783,0.007088218,58,"control",500.9,0,0,NA,NA,NA,NA,500,1000,20
"120",18,"2022-07-26_dry_18",41.7895297057996,0.0142236551537031,"2022-07-26","dry",2022-07-26 12:33:30,2022-07-26 12:36:00,30,NA,NA,NA,"",2.12646552739859,0.007088218,70,"low",499.5,2.0115,1.6854,30.0418,31.0107,30.2352,80.03921973,500,1000,20
"121",18,"2022-07-26_t0_18",21.4347761854279,0.00112739534087828,"2022-07-26","t0",2022-07-26 15:44:30,2022-07-26 15:47:00,5.2,NA,NA,NA,"",0.368587358082422,0.007088218,70,"low",499.5,2.0115,1.6854,30.0418,31.0107,30.2352,80.03921973,500,1000,20
"122",18,"2022-07-27_t24_18",54.9685907616256,0.00269872531989912,"2022-07-27","t24",2022-07-27 14:51:30,2022-07-27 14:54:00,5.6,NA,NA,23.7,"",0.39751043084767,0.007088218,70,"low",499.5,2.0115,1.6854,30.0418,31.0107,30.2352,80.03921973,500,1000,20
"123",18,"2022-07-28_t48_18",45.573936137915,0.00283596338197892,"2022-07-28","t48",2022-07-28 14:26:30,2022-07-28 14:29:00,6,NA,NA,23.8,"",0.425863304546318,0.007088218,70,"low",499.5,2.0115,1.6854,30.0418,31.0107,30.2352,80.03921973,500,1000,20
"124",18,"2022-07-30_t4_18",37.6267787035672,0.00676512002227204,"2022-07-30","t4",2022-07-30 14:43:30,2022-07-30 14:45:00,6.5,0.13,1.5,24,"",0.461304396669628,0.007088218,70,"low",499.5,2.0115,1.6854,30.0418,31.0107,30.2352,80.03921973,500,1000,20
"125",18,"2022-08-03_t8_18",39.6202570472207,0.0295640195690334,"2022-08-03","t8",2022-08-03 14:46:30,2022-08-03 14:49:00,8.1,0.13,1.4,24.4,"",0.57471589146422,0.007088218,70,"low",499.5,2.0115,1.6854,30.0418,31.0107,30.2352,80.03921973,500,1000,20
"126",18,"2022-08-11_t16_18",37.5872663084091,0.159066020486825,"2022-08-11","t16",2022-08-11 15:03:30,2022-08-11 15:06:00,10.6,0.22,2.6,24.1,"",0.751921352080769,0.007088218,70,"low",499.5,2.0115,1.6854,30.0418,31.0107,30.2352,80.03921973,500,1000,20
"127",19,"2022-07-26_dry_19",32.1339042102675,0.0431097709949847,"2022-07-26","dry",2022-07-26 12:29:30,2022-07-26 12:32:00,30,NA,NA,NA,"",2.12646552739859,0.007088218,4,"medium",500.1,5.0118,4.9502,28.6474,30.2037,29.1805,65.74567885,500,1000,20
"128",19,"2022-07-26_t0_19",23.3934700742823,0.00101581213211166,"2022-07-26","t0",2022-07-26 15:39:30,2022-07-26 15:42:00,6.2,NA,NA,NA,"",0.439469542329042,0.007088218,4,"medium",500.1,5.0118,4.9502,28.6474,30.2037,29.1805,65.74567885,500,1000,20
"129",19,"2022-07-27_t24_19",87.8511520656917,0.0111530524040292,"2022-07-27","t24",2022-07-27 14:47:30,2022-07-27 14:50:00,6.8,NA,NA,23.3,"",0.482569051943614,0.007088218,4,"medium",500.1,5.0118,4.9502,28.6474,30.2037,29.1805,65.74567885,500,1000,20
"130",19,"2022-07-28_t48_19",70.6074022681575,0.0139128592991533,"2022-07-28","t48",2022-07-28 14:22:30,2022-07-28 14:25:00,6.9,NA,NA,23.5,"",0.489657270368276,0.007088218,4,"medium",500.1,5.0118,4.9502,28.6474,30.2037,29.1805,65.74567885,500,1000,20
"131",19,"2022-07-30_t4_19",93.4116901962464,0.0347842426946169,"2022-07-30","t4",2022-07-30 14:39:30,2022-07-30 14:42:00,7.8,0.25,3,23.9,"",0.553451236190234,0.007088218,4,"medium",500.1,5.0118,4.9502,28.6474,30.2037,29.1805,65.74567885,500,1000,20
"132",19,"2022-08-03_t8_19",53.2757948156296,0.120104315230701,"2022-08-03","t8",2022-08-03 14:42:30,2022-08-03 14:45:00,9.2,0.15,1.9,24.2,"",0.652686294135501,0.007088218,4,"medium",500.1,5.0118,4.9502,28.6474,30.2037,29.1805,65.74567885,500,1000,20
"133",19,"2022-08-11_t16_19",78.3133474961182,1.86894295165457,"2022-08-11","t16",2022-08-11 14:59:30,2022-08-11 15:02:00,12,0.07,0.8,24.1,"",0.851156410026036,0.007088218,4,"medium",500.1,5.0118,4.9502,28.6474,30.2037,29.1805,65.74567885,500,1000,20
"134",20,"2022-07-26_dry_20",35.5931479057837,0.0241995605994262,"2022-07-26","dry",2022-07-26 12:24:30,2022-07-26 12:28:00,30,NA,NA,NA,"",2.12646552739859,0.007088218,9,"high",500.3,10,8.1744,29.7761,31.7823,30.1058,83.56594557,500,1000,20
"135",20,"2022-07-26_t0_20",20.4736537479053,-1.71050956465804e-05,"2022-07-26","t0",2022-07-26 15:35:30,2022-07-26 15:38:00,5.4,NA,NA,NA,"",0.382763794931746,0.007088218,9,"high",500.3,10,8.1744,29.7761,31.7823,30.1058,83.56594557,500,1000,20
"136",20,"2022-07-27_t24_20",111.356783684284,0.00366321118064859,"2022-07-27","t24",2022-07-27 14:38:30,2022-07-27 14:41:00,6.6,NA,NA,23,"",0.46839261509429,0.007088218,9,"high",500.3,10,8.1744,29.7761,31.7823,30.1058,83.56594557,500,1000,20
"137",20,"2022-07-28_t48_20",122.778339985427,0.00708628921282928,"2022-07-28","t48",2022-07-28 14:16:30,2022-07-28 14:19:00,6.2,NA,NA,23.3,"",0.440039741395642,0.007088218,9,"high",500.3,10,8.1744,29.7761,31.7823,30.1058,83.56594557,500,1000,20
"138",20,"2022-07-30_t4_20",129.700229291873,0.018578893835139,"2022-07-30","t4",2022-07-30 14:35:30,2022-07-30 14:38:00,7.1,0.08,0.9,23.8,"",0.5038337072176,0.007088218,9,"high",500.3,10,8.1744,29.7761,31.7823,30.1058,83.56594557,500,1000,20
"139",20,"2022-08-03_t8_20",110.024101608519,0.17164161798687,"2022-08-03","t8",2022-08-03 14:38:30,2022-08-03 14:41:00,8.7,0.06,0.7,24.1,"",0.617245202012191,0.007088218,9,"high",500.3,10,8.1744,29.7761,31.7823,30.1058,83.56594557,500,1000,20
"140",20,"2022-08-11_t16_20",119.180034663561,3.72752605981599,"2022-08-11","t16",2022-08-11 14:55:30,2022-08-11 14:58:00,11.5,0.09,1.2,23.7,"",0.815715317902727,0.007088218,9,"high",500.3,10,8.1744,29.7761,31.7823,30.1058,83.56594557,500,1000,20
"141",21,"2022-07-26_dry_21",49.6176728482235,0.0161779330008504,"2022-07-26","dry",2022-07-26 12:20:30,2022-07-26 12:23:00,30,NA,NA,NA,"",2.12646552739859,0.007088218,34,"control",500.6,0,0,NA,NA,NA,NA,500,1000,20
"142",21,"2022-07-26_t0_21",29.0117013473339,0.000944624853676439,"2022-07-26","t0",2022-07-26 15:30:30,2022-07-26 15:33:00,5,NA,NA,NA,"",0.354410921233099,0.007088218,34,"control",500.6,0,0,NA,NA,NA,NA,500,1000,20
"143",21,"2022-07-27_t24_21",14.4869134549136,0.000869632204757638,"2022-07-27","t24",2022-07-27 14:43:30,2022-07-27 14:46:00,5.5,NA,NA,22.9,"Had to redo, forgot to open valves",0.390422212423008,0.007088218,34,"control",500.6,0,0,NA,NA,NA,NA,500,1000,20
"144",21,"2022-07-28_t48_21",12.0634381807904,0.00220381706326566,"2022-07-28","t48",2022-07-28 14:08:30,2022-07-28 14:11:00,5.7,NA,NA,23.1,"",0.404598649272332,0.007088218,34,"control",500.6,0,0,NA,NA,NA,NA,500,1000,20
"145",21,"2022-07-30_t4_21",13.5676752890456,0.0027574420851776,"2022-07-30","t4",2022-07-30 14:31:30,2022-07-30 14:34:00,6.6,4.46,52.8,23,"",0.46839261509429,0.007088218,34,"control",500.6,0,0,NA,NA,NA,NA,500,1000,20
"146",21,"2022-08-03_t8_21",10.2914445466219,0.00149968893814651,"2022-08-03","t8",2022-08-03 14:34:30,2022-08-03 14:37:00,7.9,6.07,73.2,23.9,"",0.560539454614896,0.007088218,34,"control",500.6,0,0,NA,NA,NA,NA,500,1000,20
"147",21,"2022-08-11_t16_21",7.57561652108829,0.00501154001571054,"2022-08-11","t16",2022-08-11 14:52:30,2022-08-11 14:55:00,10.9,7.67,91.7,23.4,"",0.773186007354755,0.007088218,34,"control",500.6,0,0,NA,NA,NA,NA,500,1000,20
"148",22,"2022-07-26_dry_22",47.6088713239328,0.0455697263042719,"2022-07-26","dry",2022-07-26 12:15:30,2022-07-26 12:19:00,30,NA,NA,NA,"CO2 artificial peak",2.12646552739859,0.007088218,96,"low",500.4,2.013,1.6447,25.2433,25.9966,25.3874,80.87083499,500,1000,20
"149",22,"2022-07-26_t0_22",20.8133621943508,0.000777772095762708,"2022-07-26","t0",2022-07-26 15:26:30,2022-07-26 15:29:00,5.7,NA,NA,NA,"",0.404028450205732,0.007088218,96,"low",500.4,2.013,1.6447,25.2433,25.9966,25.3874,80.87083499,500,1000,20
"150",22,"2022-07-27_t24_22",67.5973252148157,0.0114787272875945,"2022-07-27","t24",2022-07-27 14:28:30,2022-07-27 14:31:00,6,NA,NA,22.8,"",0.425863304546318,0.007088218,96,"low",500.4,2.013,1.6447,25.2433,25.9966,25.3874,80.87083499,500,1000,20
"151",22,"2022-07-28_t48_22",46.3511287103231,0.0111873417269802,"2022-07-28","t48",2022-07-28 14:04:30,2022-07-28 14:07:00,6.4,NA,NA,23.1,"",0.454216178244966,0.007088218,96,"low",500.4,2.013,1.6447,25.2433,25.9966,25.3874,80.87083499,500,1000,20
"152",22,"2022-07-30_t4_22",38.5264508397795,0.0180463360767351,"2022-07-30","t4",2022-07-30 14:27:30,2022-07-30 14:30:00,6.7,0.35,4.1,23.3,"",0.475480833518952,0.007088218,96,"low",500.4,2.013,1.6447,25.2433,25.9966,25.3874,80.87083499,500,1000,20
"153",22,"2022-08-03_t8_22",31.1840198600206,0.0393807739520776,"2022-08-03","t8",2022-08-03 14:30:30,2022-08-03 14:33:00,8.6,0.02,0.3,25.4,"",0.610156983587529,0.007088218,96,"low",500.4,2.013,1.6447,25.2433,25.9966,25.3874,80.87083499,500,1000,20
"154",22,"2022-08-11_t16_22",39.3766662332228,0.134627174592577,"2022-08-11","t16",2022-08-11 14:48:30,2022-08-11 14:51:00,11.5,0.12,1.5,23.2,"",0.815715317902727,0.007088218,96,"low",500.4,2.013,1.6447,25.2433,25.9966,25.3874,80.87083499,500,1000,20
"155",23,"2022-07-26_dry_23",45.541364863566,0.0203953397812865,"2022-07-26","dry",2022-07-26 12:11:30,2022-07-26 12:14:00,30,NA,NA,NA,"",2.12646552739859,0.007088218,29,"medium",500,5.0102,4.6195,29.8643,31.8448,30.325,76.73819742,500,1000,20
"156",23,"2022-07-26_t0_23",33.011563465807,3.16617021338982e-05,"2022-07-26","t0",2022-07-26 15:21:30,2022-07-26 15:24:00,6.2,NA,NA,NA,"",0.439469542329042,0.007088218,29,"medium",500,5.0102,4.6195,29.8643,31.8448,30.325,76.73819742,500,1000,20
"157",23,"2022-07-27_t24_23",89.0336977143899,0.00468492197125147,"2022-07-27","t24",2022-07-27 14:22:30,2022-07-27 14:25:00,6.1,NA,NA,22.2,"",0.43295152297098,0.007088218,29,"medium",500,5.0102,4.6195,29.8643,31.8448,30.325,76.73819742,500,1000,20
"158",23,"2022-07-28_t48_23",86.5841630531386,0.00708951368305372,"2022-07-28","t48",2022-07-28 14:00:30,2022-07-28 14:03:00,6.4,NA,NA,22.3,"",0.454216178244966,0.007088218,29,"medium",500,5.0102,4.6195,29.8643,31.8448,30.325,76.73819742,500,1000,20
"159",23,"2022-07-30_t4_23",85.5098143036381,0.0163617119900452,"2022-07-30","t4",2022-07-30 14:23:30,2022-07-30 14:26:00,7.1,0.11,1.3,22.8,"",0.5038337072176,0.007088218,29,"medium",500,5.0102,4.6195,29.8643,31.8448,30.325,76.73819742,500,1000,20
"160",23,"2022-08-03_t8_23",71.5518926862586,0.0696991522475126,"2022-08-03","t8",2022-08-03 14:26:30,2022-08-03 14:29:00,8.9,0.13,1.6,23.7,"",0.631421638861515,0.007088218,29,"medium",500,5.0102,4.6195,29.8643,31.8448,30.325,76.73819742,500,1000,20
"161",23,"2022-08-11_t16_23",67.7676940017666,1.2674278265372,"2022-08-11","t16",2022-08-11 14:43:30,2022-08-11 14:47:00,11.2,0.06,0.7,22.9,"",0.794450662628741,0.007088218,29,"medium",500,5.0102,4.6195,29.8643,31.8448,30.325,76.73819742,500,1000,20
"162",24,"2022-07-26_dry_24",39.9140365631075,0.0113385948776872,"2022-07-26","dry",2022-07-26 12:06:30,2022-07-26 12:10:00,30,NA,NA,NA,"",2.12646552739859,0.007088218,56,"high",500.1,10,7.6453,25.806,27.4328,26.0294,86.26751906,500,1000,20
"163",24,"2022-07-26_t0_24",22.4172714287669,0.000216395422101036,"2022-07-26","t0",2022-07-26 15:17:30,2022-07-26 15:20:00,6.3,NA,NA,NA,"",0.446557760753704,0.007088218,56,"high",500.1,10,7.6453,25.806,27.4328,26.0294,86.26751906,500,1000,20
"164",24,"2022-07-27_t24_24",82.3534214508164,0.00187267068723979,"2022-07-27","t24",2022-07-27 14:16:30,2022-07-27 14:19:00,6.7,NA,NA,21.7,"",0.475480833518952,0.007088218,56,"high",500.1,10,7.6453,25.806,27.4328,26.0294,86.26751906,500,1000,20
"165",24,"2022-07-28_t48_24",75.9481203609544,0.00153996644841605,"2022-07-28","t48",2022-07-28 13:55:30,2022-07-28 13:59:00,7,NA,NA,22.3,"",0.496745488792938,0.007088218,56,"high",500.1,10,7.6453,25.806,27.4328,26.0294,86.26751906,500,1000,20
"166",24,"2022-07-30_t4_24",153.065976190373,0.0103597818693425,"2022-07-30","t4",2022-07-30 14:18:30,2022-07-30 14:22:00,7.9,0.09,1.1,22.4,"",0.560539454614896,0.007088218,56,"high",500.1,10,7.6453,25.806,27.4328,26.0294,86.26751906,500,1000,20
"167",24,"2022-08-03_t8_24",105.519850624301,0.102531687412894,"2022-08-03","t8",2022-08-03 14:22:30,2022-08-03 14:25:00,9.4,0.01,0.1,23.2,"",0.666862730984825,0.007088218,56,"high",500.1,10,7.6453,25.806,27.4328,26.0294,86.26751906,500,1000,20
"168",24,"2022-08-11_t16_24",107.149231377144,2.49162521944334,"2022-08-11","t16",2022-08-11 14:38:30,2022-08-11 14:41:00,11.6,0.04,0.5,23.5,"",0.822803536327389,0.007088218,56,"high",500.1,10,7.6453,25.806,27.4328,26.0294,86.26751906,500,1000,20
"169",25,"2022-07-26_dry_25",14.1762941540418,0.0160630347652341,"2022-07-26","dry",2022-07-26 11:57:30,2022-07-26 12:03:00,30,NA,NA,NA,"",2.12646552739859,0.007088218,46,"control",500.4,0,0,NA,NA,NA,NA,500,1000,30
"170",25,"2022-07-26_t0_25",24.8119150985699,-2.89748616790221e-05,"2022-07-26","t0",2022-07-26 15:13:30,2022-07-26 15:16:00,5.2,NA,NA,NA,"",0.368587358082422,0.007088218,46,"control",500.4,0,0,NA,NA,NA,NA,500,1000,30
"171",25,"2022-07-27_t24_25",17.9858342876463,0.00548693768626748,"2022-07-27","t24",2022-07-27 14:09:30,2022-07-27 14:12:00,5.6,NA,NA,29.2,"",0.39751043084767,0.007088218,46,"control",500.4,0,0,NA,NA,NA,NA,500,1000,30
"172",25,"2022-07-28_t48_25",17.7010045402546,0.00646384785396288,"2022-07-28","t48",2022-07-28 13:50:30,2022-07-28 13:54:00,6.3,NA,NA,28.9,"",0.447127959820304,0.007088218,46,"control",500.4,0,0,NA,NA,NA,NA,500,1000,30
"173",25,"2022-07-30_t4_25",19.6945699348203,0.00990779156299185,"2022-07-30","t4",2022-07-30 14:14:30,2022-07-30 14:17:00,7.6,4.57,57.8,26.6,"",0.53927479934091,0.007088218,46,"control",500.4,0,0,NA,NA,NA,NA,500,1000,30
"174",25,"2022-08-03_t8_25",16.3431295107438,0.00572448863706685,"2022-08-03","t8",2022-08-03 14:18:30,2022-08-03 14:21:00,10.2,5.37,68.6,27,"",0.723568478382121,0.007088218,46,"control",500.4,0,0,NA,NA,NA,NA,500,1000,30
"175",25,"2022-08-11_t16_25",23.8276320641664,0.0413126597601859,"2022-08-11","t16",2022-08-11 14:33:30,2022-08-11 14:37:00,15.9,0.06,0.6,27.7,"",1.12759692858785,0.007088218,46,"control",500.4,0,0,NA,NA,NA,NA,500,1000,30
"176",26,"2022-07-26_dry_26",18.6780788828809,0.0123050293504594,"2022-07-26","dry",2022-07-26 11:51:30,2022-07-26 11:55:00,30,NA,NA,NA,"Also flat CO2",2.12646552739859,0.007088218,79,"low",500.4,2.0049,1.9603,22.8865,23.8528,23.167,70.9717479,500,1000,30
"177",26,"2022-07-26_t0_26",17.3864248619865,0.000237372806186673,"2022-07-26","t0",2022-07-26 15:09:30,2022-07-26 15:12:00,5.2,NA,NA,NA,"",0.368587358082422,0.007088218,79,"low",500.4,2.0049,1.9603,22.8865,23.8528,23.167,70.9717479,500,1000,30
"178",26,"2022-07-27_t24_26",59.3370379364186,0.00412760155557756,"2022-07-27","t24",2022-07-27 14:04:30,2022-07-27 14:07:00,5.7,NA,NA,30.1,"",0.404598649272332,0.007088218,79,"low",500.4,2.0049,1.9603,22.8865,23.8528,23.167,70.9717479,500,1000,30
"179",26,"2022-07-28_t48_26",47.7816168937801,0.00463169432590712,"2022-07-28","t48",2022-07-28 13:47:30,2022-07-28 13:50:00,6.5,NA,NA,29.1,"",0.461304396669628,0.007088218,79,"low",500.4,2.0049,1.9603,22.8865,23.8528,23.167,70.9717479,500,1000,30
"180",26,"2022-07-30_t4_26",51.598017535353,0.0249722658682177,"2022-07-30","t4",2022-07-30 14:10:30,2022-07-30 14:13:00,8.2,0.3,4.1,29.5,"",0.581804109888882,0.007088218,79,"low",500.4,2.0049,1.9603,22.8865,23.8528,23.167,70.9717479,500,1000,30
"181",26,"2022-08-03_t8_26",46.4259612645718,0.0901523386896032,"2022-08-03","t8",2022-08-03 14:14:30,2022-08-03 14:17:00,10.4,0.3,3.8,27.9,"",0.737744915231445,0.007088218,79,"low",500.4,2.0049,1.9603,22.8865,23.8528,23.167,70.9717479,500,1000,30
"182",26,"2022-08-11_t16_26",66.7730483215828,1.58403685340013,"2022-08-11","t16",2022-08-11 14:29:30,2022-08-11 14:33:00,16,0.03,0.5,27.7,"black temperature regulator out of the water",1.13468514701252,0.007088218,79,"low",500.4,2.0049,1.9603,22.8865,23.8528,23.167,70.9717479,500,1000,30
"183",27,"2022-07-26_dry_27",9.07865280592166,0.020630858818019,"2022-07-26","dry",2022-07-26 11:46:30,2022-07-26 11:50:00,30,NA,NA,NA,"Flat CO2",2.12646552739859,0.007088218,97,"medium",500.9,5.0005,4.076,24.2916,25.95,24.6563,78.00892426,500,1000,30
"184",27,"2022-07-26_t0_27",11.3402025272991,-0.000168166149650831,"2022-07-26","t0",2022-07-26 15:05:30,2022-07-26 15:08:00,5.4,NA,NA,NA,"Had to redo because forgot to turn values",0.382763794931746,0.007088218,97,"medium",500.9,5.0005,4.076,24.2916,25.95,24.6563,78.00892426,500,1000,30
"185",27,"2022-07-27_t24_27",121.235382436844,0.00382720571305632,"2022-07-27","t24",2022-07-27 14:00:30,2022-07-27 14:03:00,6.2,NA,NA,30.1,"",0.440039741395642,0.007088218,97,"medium",500.9,5.0005,4.076,24.2916,25.95,24.6563,78.00892426,500,1000,30
"186",27,"2022-07-28_t48_27",82.6672320193979,0.0154303494835688,"2022-07-28","t48",2022-07-28 13:43:30,2022-07-28 13:46:00,7,NA,NA,28.6,"",0.496745488792938,0.007088218,97,"medium",500.9,5.0005,4.076,24.2916,25.95,24.6563,78.00892426,500,1000,30
"187",27,"2022-07-30_t4_27",95.4286269324867,0.0687470449161799,"2022-07-30","t4",2022-07-30 14:05:30,2022-07-30 14:09:00,8.7,0.02,0.3,29.1,"",0.617245202012191,0.007088218,97,"medium",500.9,5.0005,4.076,24.2916,25.95,24.6563,78.00892426,500,1000,30
"188",27,"2022-08-03_t8_27",132.327755332468,1.9260218037157,"2022-08-03","t8",2022-08-03 14:10:30,2022-08-03 14:13:00,10.9,0.83,10.9,28.6,"",0.773186007354755,0.007088218,97,"medium",500.9,5.0005,4.076,24.2916,25.95,24.6563,78.00892426,500,1000,30
"189",27,"2022-08-11_t16_27",70.9516181051504,6.1032840195892,"2022-08-11","t16",2022-08-11 14:25:30,2022-08-11 14:29:00,15.1,0.05,0.6,27.9,"",1.07089118119056,0.007088218,97,"medium",500.9,5.0005,4.076,24.2916,25.95,24.6563,78.00892426,500,1000,30
"190",28,"2022-07-26_dry_28",40.7335138396838,0.0386066947197056,"2022-07-26","dry",2022-07-26 11:41:30,2022-07-26 11:45:00,30,NA,NA,NA,"",2.12646552739859,0.007088218,69,"high",499.8,10,6.5571,28.3996,29.9034,28.6061,86.26812076,500,1000,30
"191",28,"2022-07-26_t0_28",14.4748007525428,0.000855393641774348,"2022-07-26","t0",2022-07-26 14:57:30,2022-07-26 15:00:00,4.6,NA,NA,NA,"",0.326058047534451,0.007088218,69,"high",499.8,10,6.5571,28.3996,29.9034,28.6061,86.26812076,500,1000,30
"192",28,"2022-07-27_t24_28",115.066332662058,0.0127478389066772,"2022-07-27","t24",2022-07-27 13:55:30,2022-07-27 13:58:00,5.4,NA,NA,30.9,"",0.383333993998346,0.007088218,69,"high",499.8,10,6.5571,28.3996,29.9034,28.6061,86.26812076,500,1000,30
"193",28,"2022-07-28_t48_28",211.223309022925,0.0285242414729553,"2022-07-28","t48",2022-07-28 13:39:30,2022-07-28 13:42:00,6.5,NA,NA,30.5,"",0.461304396669628,0.007088218,69,"high",499.8,10,6.5571,28.3996,29.9034,28.6061,86.26812076,500,1000,30
"194",28,"2022-07-30_t4_28",223.779824466124,0.162363916917923,"2022-07-30","t4",2022-07-30 14:02:30,2022-07-30 14:05:00,8.1,0.09,1.2,31.2,"",0.57471589146422,0.007088218,69,"high",499.8,10,6.5571,28.3996,29.9034,28.6061,86.26812076,500,1000,30
"195",28,"2022-08-03_t8_28",213.607365823881,6.90778756893708,"2022-08-03","t8",2022-08-03 14:05:30,2022-08-03 14:08:00,11.9,0.04,0.5,30.1,"",0.844068191601374,0.007088218,69,"high",499.8,10,6.5571,28.3996,29.9034,28.6061,86.26812076,500,1000,30
"196",28,"2022-08-11_t16_28",278.848934155032,99.6565839937882,"2022-08-11","t16",2022-08-11 14:22:30,2022-08-11 14:25:00,15.9,0.06,0.8,29.1,"black and white temperature regulators out of the water",1.12759692858785,0.007088218,69,"high",499.8,10,6.5571,28.3996,29.9034,28.6061,86.26812076,500,1000,30
"197",29,"2022-07-26_dry_29",33.3563029226758,0.0336573924275807,"2022-07-26","dry",2022-07-26 11:36:30,2022-07-26 11:40:00,30,NA,NA,NA,"",2.12646552739859,0.007088218,37,"control",499.6,0,0,NA,NA,NA,NA,500,1000,30
"198",29,"2022-07-26_t0_29",21.0398947258691,0.000240877993482184,"2022-07-26","t0",2022-07-26 14:53:30,2022-07-26 14:56:00,6,NA,NA,NA,"",0.425293105479718,0.007088218,37,"control",499.6,0,0,NA,NA,NA,NA,500,1000,30
"199",29,"2022-07-27_t24_29",19.211708879261,0.011007572434819,"2022-07-27","t24",2022-07-27 13:51:30,2022-07-27 13:54:00,6,NA,NA,30.5,"",0.425863304546318,0.007088218,37,"control",499.6,0,0,NA,NA,NA,NA,500,1000,30
"200",29,"2022-07-28_t48_29",18.863074144357,0.0167581971456741,"2022-07-28","t48",2022-07-28 13:35:30,2022-07-28 13:37:00,7.2,NA,NA,30,"",0.510921925642262,0.007088218,37,"control",499.6,0,0,NA,NA,NA,NA,500,1000,30
"201",29,"2022-07-30_t4_29",17.4961578728825,0.0204772704961793,"2022-07-30","t4",2022-07-30 13:58:30,2022-07-30 14:01:00,8.4,3.77,51.1,30.8,"",0.595980546738206,0.007088218,37,"control",499.6,0,0,NA,NA,NA,NA,500,1000,30
"202",29,"2022-08-03_t8_29",26.8209349309481,0.0192640447056484,"2022-08-03","t8",2022-08-03 14:01:30,2022-08-03 14:04:00,11.5,4.07,54.5,29.6,"Low flux",0.815715317902727,0.007088218,37,"control",499.6,0,0,NA,NA,NA,NA,500,1000,30
"203",29,"2022-08-11_t16_29",17.5574786836452,0.0497321741637085,"2022-08-11","t16",2022-08-11 14:18:30,2022-08-11 14:21:00,16.6,0.43,5.6,29.6,"",1.17721445756049,0.007088218,37,"control",499.6,0,0,NA,NA,NA,NA,500,1000,30
"204",30,"2022-07-26_dry_30",48.0974050184849,0.0026593682857553,"2022-07-26","dry",2022-07-26 11:32:30,2022-07-26 11:35:00,30,NA,NA,NA,"",2.12646552739859,0.007088218,66,"low",501.1,2.0071,1.6106,33.0633,33.9531,33.3017,73.20746235,500,1000,30
"205",30,"2022-07-26_t0_30",23.2487109099483,0.00048240765200599,"2022-07-26","t0",2022-07-26 14:48:30,2022-07-26 14:51:00,5.5,NA,NA,NA,"",0.389852013356408,0.007088218,66,"low",501.1,2.0071,1.6106,33.0633,33.9531,33.3017,73.20746235,500,1000,30
"206",30,"2022-07-27_t24_30",78.8232143098717,0.0105063454572666,"2022-07-27","t24",2022-07-27 13:46:30,2022-07-27 13:49:00,5.9,NA,NA,30.9,"",0.418775086121656,0.007088218,66,"low",501.1,2.0071,1.6106,33.0633,33.9531,33.3017,73.20746235,500,1000,30
"207",30,"2022-07-28_t48_30",62.9892801308735,0.010980172492767,"2022-07-28","t48",2022-07-28 13:30:30,2022-07-28 13:34:00,7.2,NA,NA,30.7,"",0.510921925642262,0.007088218,66,"low",501.1,2.0071,1.6106,33.0633,33.9531,33.3017,73.20746235,500,1000,30
"208",30,"2022-07-30_t4_30",56.7626194505539,0.0386423500874456,"2022-07-30","t4",2022-07-30 13:54:30,2022-07-30 13:57:00,8.6,0.06,0.9,31.1,"",0.610156983587529,0.007088218,66,"low",501.1,2.0071,1.6106,33.0633,33.9531,33.3017,73.20746235,500,1000,30
"209",30,"2022-08-03_t8_30",72.7528570118817,0.364732809789389,"2022-08-03","t8",2022-08-03 13:57:30,2022-08-03 14:00:00,11.2,0.05,0.6,30.6,"",0.794450662628741,0.007088218,66,"low",501.1,2.0071,1.6106,33.0633,33.9531,33.3017,73.20746235,500,1000,30
"210",30,"2022-08-11_t16_30",84.586279239085,3.65890382362428,"2022-08-11","t16",2022-08-11 14:13:30,2022-08-11 14:16:00,16.8,0.05,0.6,29.6,"",1.19139089440981,0.007088218,66,"low",501.1,2.0071,1.6106,33.0633,33.9531,33.3017,73.20746235,500,1000,30
"211",31,"2022-07-26_dry_31",42.4238648557254,0.0377923739155192,"2022-07-26","dry",2022-07-26 11:28:30,2022-07-26 11:31:00,30,NA,NA,NA,"Artificial peak at start CO2, how to avoid?",2.12646552739859,0.007088218,68,"medium",500.2,4.987,4.2744,23.5485,25.1413,23.9987,71.73530889,500,1000,30
"212",31,"2022-07-26_t0_31",21.0003971231396,0.000643021594385952,"2022-07-26","t0",2022-07-26 14:44:30,2022-07-26 14:47:00,4.5,NA,NA,NA,"",0.318969829109789,0.007088218,68,"medium",500.2,4.987,4.2744,23.5485,25.1413,23.9987,71.73530889,500,1000,30
"213",31,"2022-07-27_t24_31",129.610489018197,0.0125929469409136,"2022-07-27","t24",2022-07-27 13:42:30,2022-07-27 13:45:00,4.9,NA,NA,33.1,"",0.347892901875037,0.007088218,68,"medium",500.2,4.987,4.2744,23.5485,25.1413,23.9987,71.73530889,500,1000,30
"214",31,"2022-07-28_t48_31",112.538511259139,0.0301855366862392,"2022-07-28","t48",2022-07-28 13:27:30,2022-07-28 13:29:00,6,NA,NA,30.8,"",0.425863304546318,0.007088218,68,"medium",500.2,4.987,4.2744,23.5485,25.1413,23.9987,71.73530889,500,1000,30
"215",31,"2022-07-30_t4_31",86.1027531446701,0.0713727947918559,"2022-07-30","t4",2022-07-30 13:50:30,2022-07-30 13:53:00,8.1,0.09,1.2,31.3,"",0.57471589146422,0.007088218,68,"medium",500.2,4.987,4.2744,23.5485,25.1413,23.9987,71.73530889,500,1000,30
"216",31,"2022-08-03_t8_31",133.135947128245,2.95080679571118,"2022-08-03","t8",2022-08-03 13:53:30,2022-08-03 13:56:00,11.7,0.03,0.4,30.5,"",0.829891754752051,0.007088218,68,"medium",500.2,4.987,4.2744,23.5485,25.1413,23.9987,71.73530889,500,1000,30
"217",31,"2022-08-11_t16_31",128.872239985748,9.73629229010809,"2022-08-11","t16",2022-08-11 14:09:30,2022-08-11 14:12:00,17.5,0.04,0.5,29.4,"black temperature regulator out of the water",1.24100842338244,0.007088218,68,"medium",500.2,4.987,4.2744,23.5485,25.1413,23.9987,71.73530889,500,1000,30
"218",32,"2022-07-26_dry_32",57.0696270585596,0.0515025679430091,"2022-07-26","dry",2022-07-26 11:23:30,2022-07-26 11:27:00,30,NA,NA,NA,"Artificial peak at start with CO2, important to fan?",2.12646552739859,0.007088218,74,"high",500.5,10,7.675,29.5798,31.2229,29.8833,81.52881748,500,1000,30
"219",32,"2022-07-26_t0_32",29.1777635705555,0.000493049583896321,"2022-07-26","t0",2022-07-26 14:40:30,2022-07-26 14:43:00,4.2,NA,NA,NA,"",0.297705173835803,0.007088218,74,"high",500.5,10,7.675,29.5798,31.2229,29.8833,81.52881748,500,1000,30
"220",32,"2022-07-27_t24_32",207.589689614504,0.0149675056889743,"2022-07-27","t24",2022-07-27 13:37:30,2022-07-27 13:40:00,4.9,NA,NA,30.4,"",0.347892901875037,0.007088218,74,"high",500.5,10,7.675,29.5798,31.2229,29.8833,81.52881748,500,1000,30
"221",32,"2022-07-28_t48_32",171.453233943653,0.0289891701106618,"2022-07-28","t48",2022-07-28 13:22:30,2022-07-28 13:25:00,5.7,NA,NA,30.6,"",0.404598649272332,0.007088218,74,"high",500.5,10,7.675,29.5798,31.2229,29.8833,81.52881748,500,1000,30
"222",32,"2022-07-30_t4_32",182.836043671573,0.142694627410968,"2022-07-30","t4",2022-07-30 13:46:30,2022-07-30 13:49:00,8,0.06,0.9,32,"",0.567627673039558,0.007088218,74,"high",500.5,10,7.675,29.5798,31.2229,29.8833,81.52881748,500,1000,30
"223",32,"2022-08-03_t8_32",205.119609787366,8.71765329437068,"2022-08-03","t8",2022-08-03 13:49:30,2022-08-03 13:52:00,11.1,0.04,0.5,30.5,"",0.787362444204079,0.007088218,74,"high",500.5,10,7.675,29.5798,31.2229,29.8833,81.52881748,500,1000,30
"224",32,"2022-08-11_t16_32",272.828189278478,148.609727196308,"2022-08-11","t16",2022-08-11 14:06:30,2022-08-11 14:09:00,17.2,0.04,0.5,28.8,"black and white temperature regulators out of the water",1.21974376810846,0.007088218,74,"high",500.5,10,7.675,29.5798,31.2229,29.8833,81.52881748,500,1000,30
"225",33,"2022-07-26_dry_33",45.4006901367851,-0.00335044940962874,"2022-07-26","dry",2022-07-26 11:17:30,2022-07-26 11:21:00,30,NA,NA,NA,"Jagged/stepped increase",2.12646552739859,0.007088218,35,"control",499.9,0,0,NA,NA,NA,NA,500,1000,30
"226",33,"2022-07-26_t0_33",29.7612525487161,0.00063138234043422,"2022-07-26","t0",2022-07-26 14:36:30,2022-07-26 14:39:00,5,NA,NA,NA,"",0.354410921233099,0.007088218,35,"control",499.9,0,0,NA,NA,NA,NA,500,1000,30
"227",33,"2022-07-27_t24_33",23.8136913098734,0.0029820370378599,"2022-07-27","t24",2022-07-27 13:33:30,2022-07-27 13:36:00,5.6,NA,NA,31.3,"",0.39751043084767,0.007088218,35,"control",499.9,0,0,NA,NA,NA,NA,500,1000,30
"228",33,"2022-07-28_t48_33",21.5406181107372,0.0105064402519487,"2022-07-28","t48",2022-07-28 13:19:30,2022-07-28 13:21:00,6.7,NA,NA,31.6,"",0.475480833518952,0.007088218,35,"control",499.9,0,0,NA,NA,NA,NA,500,1000,30
"229",33,"2022-07-30_t4_33",26.0819461102141,0.0142700181950876,"2022-07-30","t4",2022-07-30 13:42:30,2022-07-30 13:45:00,8.5,4.07,57.3,32.7,"redo",0.603068765162868,0.007088218,35,"control",499.9,0,0,NA,NA,NA,NA,500,1000,30
"230",33,"2022-08-03_t8_33",30.6789466004018,0.0404064544441461,"2022-08-03","t8",2022-08-03 13:45:30,2022-08-03 13:48:00,13.3,0.04,0.5,31.3,"",0.943303249546642,0.007088218,35,"control",499.9,0,0,NA,NA,NA,NA,500,1000,30
"231",33,"2022-08-11_t16_33",18.3381805253101,0.119356455754014,"2022-08-11","t16",2022-08-11 14:02:30,2022-08-11 14:05:00,16.2,0.04,0.5,29.2,"",1.14886158386184,0.007088218,35,"control",499.9,0,0,NA,NA,NA,NA,500,1000,30
"232",34,"2022-07-26_dry_34",59.3396947830212,0.0486256296577713,"2022-07-26","dry",2022-07-26 11:12:30,2022-07-26 11:16:00,30,NA,NA,NA,"Artificial peak at start from purged tubes",2.12646552739859,0.007088218,73,"low",500.7,2.004,1.5117,31.7181,32.1698,31.7864,84.8793447,500,1000,30
"233",34,"2022-07-26_t0_34",18.1652110259927,0.000413056512335474,"2022-07-26","t0",2022-07-26 14:32:30,2022-07-26 14:35:00,5,NA,NA,NA,"",0.354410921233099,0.007088218,73,"low",500.7,2.004,1.5117,31.7181,32.1698,31.7864,84.8793447,500,1000,30
"234",34,"2022-07-27_t24_34",56.6787990492845,0.0262740083042899,"2022-07-27","t24",2022-07-27 13:28:30,2022-07-27 13:31:00,6,NA,NA,31.2,"",0.425863304546318,0.007088218,73,"low",500.7,2.004,1.5117,31.7181,32.1698,31.7864,84.8793447,500,1000,30
"235",34,"2022-07-28_t48_34",56.8641306884271,0.0672349539560861,"2022-07-28","t48",2022-07-28 13:15:30,2022-07-28 13:18:00,7.1,NA,NA,31.6,"",0.5038337072176,0.007088218,73,"low",500.7,2.004,1.5117,31.7181,32.1698,31.7864,84.8793447,500,1000,30
"236",34,"2022-07-30_t4_34",65.1858561270149,0.0760854310769524,"2022-07-30","t4",2022-07-30 13:34:30,2022-07-30 13:37:00,8.9,0.03,0.4,33.1,"",0.631421638861515,0.007088218,73,"low",500.7,2.004,1.5117,31.7181,32.1698,31.7864,84.8793447,500,1000,30
"237",34,"2022-08-03_t8_34",71.9147890049377,0.238059282789317,"2022-08-03","t8",2022-08-03 13:41:30,2022-08-03 13:44:00,12.7,0.86,12,32.8,"",0.90077393899867,0.007088218,73,"low",500.7,2.004,1.5117,31.7181,32.1698,31.7864,84.8793447,500,1000,30
"238",34,"2022-08-11_t16_34",63.8887639393205,2.410414535246,"2022-08-11","t16",2022-08-11 13:50:30,2022-08-11 13:53:00,18.1,0.06,0.7,28.5,"Now nice curves. LGR signal power A laarm on start. Pressure alarm at 13:43, ran open and restarted",1.28353773393042,0.007088218,73,"low",500.7,2.004,1.5117,31.7181,32.1698,31.7864,84.8793447,500,1000,30
"239",35,"2022-07-26_dry_35",66.4461805861526,0.0452842899349426,"2022-07-26","dry",2022-07-26 11:06:30,2022-07-26 11:10:00,30,NA,NA,NA,"Nice increase",2.12646552739859,0.007088218,59,"medium",499.5,5.0108,3.7277,26.2258,27.7091,26.4949,81.85801928,500,1000,30
"240",35,"2022-07-26_t0_35",19.508675240482,0.000544533721881257,"2022-07-26","t0",2022-07-26 14:27:30,2022-07-26 14:30:00,4.5,NA,NA,NA,"Nice CO2, no CH4",0.318969829109789,0.007088218,59,"medium",499.5,5.0108,3.7277,26.2258,27.7091,26.4949,81.85801928,500,1000,30
"241",35,"2022-07-27_t24_35",120.287277737325,0.0125998891298229,"2022-07-27","t24",2022-07-27 13:24:30,2022-07-27 13:27:00,5.1,NA,NA,29.6,"",0.36206933872436,0.007088218,59,"medium",499.5,5.0108,3.7277,26.2258,27.7091,26.4949,81.85801928,500,1000,30
"242",35,"2022-07-28_t48_35",100.303694810178,0.0154807178717103,"2022-07-28","t48",2022-07-28 13:11:30,2022-07-28 13:14:00,6.2,NA,NA,29.4,"",0.440039741395642,0.007088218,59,"medium",499.5,5.0108,3.7277,26.2258,27.7091,26.4949,81.85801928,500,1000,30
"243",35,"2022-07-30_t4_35",167.481132267429,0.0966619735070008,"2022-07-30","t4",2022-07-30 13:31:30,2022-07-30 13:33:00,8.1,0.03,0.4,32.1,"",0.57471589146422,0.007088218,59,"medium",499.5,5.0108,3.7277,26.2258,27.7091,26.4949,81.85801928,500,1000,30
"244",35,"2022-08-03_t8_35",118.663881159245,1.61930541077588,"2022-08-03","t8",2022-08-03 13:37:30,2022-08-03 13:40:00,11.5,0.04,0.5,31.1,"",0.815715317902727,0.007088218,59,"medium",499.5,5.0108,3.7277,26.2258,27.7091,26.4949,81.85801928,500,1000,30
"245",35,"2022-08-11_t16_35",89.0286985933084,5.72714107934605,"2022-08-11","t16",2022-08-11 13:58:30,2022-08-11 14:01:00,16.5,0.01,0.1,27.6,"Weird double peak, redo",1.17012623913583,0.007088218,59,"medium",499.5,5.0108,3.7277,26.2258,27.7091,26.4949,81.85801928,500,1000,30
"246",36,"2022-07-26_dry_36",5.41681236486334,0.00547137510209313,"2022-07-26","dry",2022-07-26 10:58:30,2022-07-26 11:04:00,30,NA,NA,NA,"LGR 8 minutes ahead. When LGR turned on Signal power A yellow, restarted manually and was OK",2.12646552739859,0.007088218,62,"high",500.5,10,6.9784,26.1151,27.7582,26.3475,85.8560039,500,1000,30
"247",36,"2022-07-26_t0_36",26.2896263039746,0.00028626855000204,"2022-07-26","t0",2022-07-26 14:20:30,2022-07-26 14:25:00,5.6,NA,NA,NA,"Used all long tube here. Rewetting today. Temp 8 and 12 was bad last time",0.39694023178107,0.007088218,62,"high",500.5,10,6.9784,26.1151,27.7582,26.3475,85.8560039,500,1000,30
"248",36,"2022-07-27_t24_36",110.215452700998,0.00232014005107918,"2022-07-27","t24",2022-07-27 13:19:30,2022-07-27 13:23:00,6.3,NA,NA,27.9,"Line cold on 9, got a manual Hanna probe thermometer to check. Need to ask Fanny about sharp increase",0.447127959820304,0.007088218,62,"high",500.5,10,6.9784,26.1151,27.7582,26.3475,85.8560039,500,1000,30
"249",36,"2022-07-28_t48_36",115.168326315555,0.0069631458587751,"2022-07-28","t48",2022-07-28 13:07:30,2022-07-28 13:10:00,7.4,NA,NA,27.4,"Nice curved. LGR 8 min ahead",0.525098362491586,0.007088218,62,"high",500.5,10,6.9784,26.1151,27.7582,26.3475,85.8560039,500,1000,30
"250",36,"2022-07-30_t4_36",201.966042707772,0.0394110369527913,"2022-07-30","t4",2022-07-30 13:26:30,2022-07-30 13:29:00,8.7,0.06,0.8,30.7,"Nice curves",0.617245202012191,0.007088218,62,"high",500.5,10,6.9784,26.1151,27.7582,26.3475,85.8560039,500,1000,30
"251",36,"2022-08-03_t8_36",149.832045416713,0.763264572123073,"2022-08-03","t8",2022-08-03 13:32:30,2022-08-03 13:36:00,12.2,0.12,1.6,29.1,"Very nice curve",0.86533284687536,0.007088218,62,"high",500.5,10,6.9784,26.1151,27.7582,26.3475,85.8560039,500,1000,30
"252",36,"2022-08-11_t16_36",140.368011208708,6.83397237191153,"2022-08-11","t16",2022-08-11 13:54:30,2022-08-11 13:57:00,16.1,0.01,0.2,26.5,"Weird double peak, redo",1.14177336543718,0.007088218,62,"high",500.5,10,6.9784,26.1151,27.7582,26.3475,85.8560039,500,1000,30
